Address,Distance from fort,min_dist_nearest_bank,min_dist_nearest_Supermarket,min_dist_nearest_express,min_dist_nearest_railway
battaramulla,11.35,0.046516086,0.275528356,6.632045539,4.07247222
nawala,9.16,0.047406525,0.229319769,7.480199518,0.647482412
mount lavinia,12.89,0.028453853,0.113299872,12.64244388,0.528389071
divulpitiya,12.6,1.328255911,0.315817967,9.697738198,1.97051461
kollupitiya,4.22,0.083896065,0.234180842,5.676326993,0.379336786
pannipitiya,17.26,0.104367405,0.685837638,3.716698378,0.089601941
hokandara,16.39,0.024556017,1.187704419,1.871289347,3.876447241
korathota,19.72,2.258348808,2.126974979,2.59671565,7.635108885
makumbura,19.88,0.864897004,0.670444824,0.984196476,0.596317226
kaduwela,17.66,0.351838973,0.22296895,1.341754436,9.982145833
havelock town,7.57,0.344641591,0.118453506,7.759564862,1.511477789
kosgama,34.52,0.022707491,6.08034501,17.54383842,0.032153225
thalawathugoda,14.19,0.047187666,0.207307327,4.620078445,3.239812649
athurugiriya,19.59,0.0702284,0.225418134,1.626447486,3.488327488
rajagiriya,8.66,0.064668268,0.050657848,5.213415717,1.3669029
dehiwala,10.96,0.126142707,0.460378059,11.53988387,0.42972373
piliyandala,18.85,0.144675834,0.49262073,6.672114016,5.148238391
madapatha,22.59,3.189759435,3.053364406,5.842113383,5.025225136
kesbewa,21.21,1.481078738,1.358658138,5.27731528,5.682614182
makandana,22.39,1.821689416,1.602959146,4.118825144,6.739824789
boralesgamuwa,13.98,0.071858443,0.100746527,8.830429042,2.212403368
kirulapone,8.43,0.06226201,0.220060054,8.270892022,1.393859989
nawagamuwa,21.5,0.085015366,0.078489009,4.330842323,8.553697374
ethulkotte,10.38,0.312880087,0.597689536,6.877783599,3.104369608
thalapathpitiya,12.98,0.592912586,0.753254352,6.936892334,0.970979431
halpita,22.44,1.699276938,1.23338234,3.267675424,7.04024369
ranala,23.32,1.844832933,1.969323048,6.124351023,7.643558956
habarakada,22.48,2.639915599,0.360470047,4.526230179,2.158402885
hanwella,32.72,1.089855937,3.205859997,15.53202167,1.009932711
kahathuduwa,24.82,0.031648336,3.055274365,0.409507119,6.811585774
nugegoda,10.57,0.053768922,0.253841443,9.365425049,0.380556553
malabe,14.94,0.125554587,0.297162444,3.332054051,6.321523914
bope,36.09,4.421975181,4.992931183,16.69440877,3.421132423
pitakotte,10.64,0.069620362,0.265138276,8.09204828,1.80277564
bokundara,17.05,0.209031029,0.224225553,7.422553915,3.42874365
maradana,4.65,0.319050688,0.127508492,3.666523287,0.237042731
bambalapitiya,5.42,0.216845753,0.248492837,6.485148777,0.987947003
kottawa,18.99,0.069482791,0.265588994,1.810057975,0.314617717
kurunduwatta,5.79,0.177139619,0.270995056,5.260460783,1.882027165
moratuwa,19.51,0.155937673,0.531430234,10.87016748,0.069034825
homagama,22.61,0.201421298,0.014518784,2.379564136,0.489734538
pitipana,25.91,2.68514114,2.119728706,5.442128017,2.425299821
padukka,31.51,0.047108561,0.395558833,12.16728407,0.149133019
madiwela,12.76,1.225216639,1.004871588,6.068423112,2.350095105
kalalgoda,15.26,0.840241812,0.267587215,4.19047343,2.465629359
kawdana,12.05,0.622711857,0.624649718,11.82000181,1.565890489
bomiriya,20.21,1.564251976,1.45545367,3.231228684,9.461703594
diyagama,23.79,2.171289137,0.536616073,3.317077568,3.931243406
mattegoda,21.89,0.137331208,0.166226784,3.138944863,3.532694318
wickramasinghepura,13.92,0.505417064,0.167373418,4.507967905,3.708566657
pepiliyana,11.88,1.241304091,0.603966541,9.949975211,1.714054755
batuwandara,23.65,3.113434999,2.887802918,4.0924518,6.75423149
udahamulla,13.87,2.102517685,1.010168346,2.717124559,7.211964683
avissawella,42.89,0.092605017,1.670624688,25.98399192,0.638579249
rattanapitiya,13.07,0.893361754,0.19376073,9.317309022,1.958732342
rathmaldeniya,17.56,0.903396438,0.826950604,3.958057755,1.004244922
dematagoda,6.23,0.22982904,0.52250527,2.401511963,0.536960132
kohuwala,10.56,0.089743676,0.100129552,9.666038251,0.888089233
pothuarawa,14.14,1.394740848,0.241100286,3.827825191,5.361563944
jamburaliya,23.58,3.727986178,3.876316055,5.967403991,4.903064599
koswatta,11.82,41.00006341,27.59853886,23.87619254,29.9865024
kelanimulla,10.99,0.974293978,1.297657346,4.740682504,3.643558697
suwarapola,18.53,1.152335673,0.353464627,7.828666399,4.094241806
kaldemulla,16.07,0.343758938,0.668607846,11.32047324,1.275523215
mulleriyawa,12.9,1.413473849,0.507829617,3.590158666,6.306950893
kumaragewatta,13.23,0.246639894,0.713981426,4.953865492,3.886912844
wellampitiya,7.92,0.073330831,0.664387274,2.473593474,1.881367813
rathmalana,14.29,0.493071529,0.450048459,12.7198494,0.570907625
maharagama,15.34,0.204660942,0.52902818,6.132844101,0.105448493
arangala,16.09,0.650961654,0.789134066,1.913461191,4.504202007
watareka,25.74,1.342908267,1.538556531,7.090341751,1.668134015
pagoda,10.3,0.547694489,0.435381787,8.252641545,1.126814689
aluthkade,4.2,0.186715816,0.72368085,2.785534523,1.110711264
wijerama,13.29,0.200566162,0.215235621,7.977447158,0.655039484
thalahena,14.25,1.087700729,1.126143462,3.171885348,7.325142495
gothatuwa,9.09,1.034238707,0.479045577,3.826549577,2.984335759
borella,6.54,0.041972278,0.398012992,4.402258748,0.777008918
puwakpitiya,40.83,2.082818379,0.453765503,23.82898426,1.067835718
wellawatta,8.15,0.369539052,0.750590563,9.155040562,0.029733581
oruwala,19.66,1.66959463,1.393581999,2.297640069,5.116319986
attidiya,13.04,0.039349016,0.204933292,10.71105259,2.581188405
Narahenpita,7.47,0.586071568,0.440548846,5.384151821,0.890410619
pahalawela,12.06,1.069506489,0.585231497,6.394102627,2.862825585
dampe,28.22,2.54157815,0.260538796,7.821840894,2.501871417
katubedda,17.41,0.156907115,0.240320231,10.26685355,1.765059933
kotikawatta,10.17,0.024061544,0.20022063,4.338834957,3.691421741
neelammahara,15.38,1.024108324,0.602025608,7.646036685,2.195924767
navinna,13.53,0.51923542,0.470427639,8.09724348,0.918343168
pamunuwa,15.38,0.361917499,0.753042303,5.916680103,0.258640378
kiriwattuduwa,26.68,4.438861782,3.463452279,4.713399699,5.211530471
batawala,25.38,3.219148509,3.246618594,7.638279964,3.63546643
meegoda,26.73,0.046381217,2.02374757,7.139742484,0.085556088
kahawala,36.64,7.594352849,7.948173336,13.86521075,7.511854
grandpass,6.89,0.999755514,1.255491869,0.88874305,1.423243732
buthgamuwa,9.61,1.038703539,1.06259087,3.481613553,2.679374305
mavittara,19.36,0.644358863,0.558162696,5.790118043,5.087375877
pelenwatta,18.22,2.464115194,0.992702223,5.050106602,2.905410688
gorakapitiya,19.47,2.354023334,0.809154273,4.513380733,3.451780696
makuludoowa,18.23,1.454507738,0.699815373,6.553311579,3.869207751
pathiragoda,13.84,0.827048891,0.468661985,7.205728047,0.448858811
bellanwila,12.33,0.563184515,0.118275163,10.78298116,2.488634494
borupana,15.79,1.648866988,0.584346209,9.009921464,3.884337052
dedigamuwa,23.19,3.753772636,3.51347514,5.805024232,4.826494815
mattakkuliya,6.73,0.538187595,0.543993094,2.160657347,2.397392981
thunnana,28.04,3.237731445,3.083817336,10.39370371,4.096131933
godagama,25.05,0.157991858,0.375674414,5.746503894,0.306706658
nedimala,11.77,0.106973392,0.182098855,11.38133063,1.883167861
mirihana,11.16,0.161932175,0.057423149,8.393725938,1.168514876
welihinda,17.78,1.660327558,1.39430173,0.581923177,8.46765909
pamankada,8.64,0.008397406,0.35812499,8.629160454,1.365402286
wattegedara,14.62,0.055236581,0.101209935,6.779820325,0.424261
pore,18.99,0.423050478,0.08690014,1.017527418,3.848115313
thunadahena,17.55,2.404134968,1.352554897,2.190662202,6.554829238
kalubowila,10.12,0.09525586,0.1261487,9.739960244,1.63779857
kalapaluwawa,10.69,0.675773505,1.099343865,5.653280045,3.840661249
kahapola,23.35,2.440272677,4.342252902,7.240532484,3.612711021
gangodawila,12.26,0.156931782,0.326595251,8.538297557,0.717314373
kolonnawa,7.32,0.092366577,0.061041341,2.583882255,1.340354312
delthara,20.02,1.916686516,1.421663841,7.332161248,3.70009948
uduwana,23.75,1.781127438,1.136606202,3.08436925,2.215013757
kirigampamunuwa,22.7,0.702644063,0.861949741,2.337093727,4.295901225
lakshapathiya,16.64,0.792289175,0.089125709,11.41432897,0.684413524
siddamulla,20.26,1.353256456,0.258697703,3.755539704,3.334268521
rukmale,18.81,1.743333232,1.376088095,2.132084935,1.424440669
panagoda,23.52,1.79869111,1.44591556,5.391227259,2.05266268
jambugasmulla,11.09,0.480903936,0.344003826,9.414398438,0.514055548
kadugoda,34.38,2.070585062,5.205830928,17.20564379,0.019538774
rawathawatta,18.24,0.218695862,0.453898186,10.54310551,1.078809575
katuwawala,15.61,1.094447394,0.197954158,7.844997389,2.642167315
thimbirigasyaya,6.91,0.57541718,0.426874198,6.394245945,0.920806927
jalthara,24.63,3.785444416,3.709278583,7.550916441,5.668288007
magammana,22.23,1.614189459,1.089978011,2.084154269,2.774966866
moratumulla,19.08,0.409513185,0.602662223,9.726779639,1.475775745
angulana,16.59,1.376162129,0.686165524,11.97471579,0.081116297
nampamunuwa,19.71,1.620328235,0.677020622,4.82012831,4.139335299
welivita,15.1,1.986464842,1.374958572,1.368499213,7.773051525
mahalwarawa,18.23,0.43683538,0.488763295,2.705058074,1.020662977
thumbovila,17.19,1.427269434,0.668438761,8.463246017,4.167427536
depanama,16.29,1.263830475,0.437906072,4.42688598,1.116855587
batakettara,20.6,1.798092586,1.152219705,6.381005066,4.599591077
wewala,17.81,1.056657023,0.601691486,8.425925973,3.760728419
moonamale,25.55,3.448195772,2.21801581,3.667961737,4.885572466
werahera,15.49,1.04889687,0.199508455,8.500631712,3.152572201
modara,4.99,0.912486105,0.196485318,2.480178372,3.583352939
bangalawatta,18.78,0.627845532,0.664091802,2.497388187,1.230063166
palagama,24.28,2.695934698,3.019459601,2.491812444,8.12080794
karagampitiya,11.35,0.154172884,0.117693578,11.56867984,1.096494127
himbutana,12.81,1.38023374,0.186265789,3.810259639,6.162879321
honnanthara,20.24,0.829883185,0.912161919,4.504986165,4.95573539
niwanthidiya,17.19,1.426804426,0.68220899,6.049847769,2.493982297
katukurunda,22.96,0.321212936,2.946017003,10.69856876,0.239087891
slave island,3.38,0.167856471,0.715642094,4.797550118,0.135362358
kolamunna,19.58,0.68748411,0.049677963,6.488082328,4.963431038
pinnawala,22.17,2.80954139,2.630816887,5.789978157,5.043788988
waga,33.77,0.081454364,4.250443413,16.57355774,0.072923512
uggalla,32.68,2.790312897,3.134774723,14.37716727,0.48593372
kahahena,33.88,0.07530396,4.355005079,16.68061015,0.161477302
kotuvila,6.95,1.138114226,1.366106767,0.811905795,1.567727162
madampitiya,6.09,0.592872305,0.741455329,1.182151396,2.139994458
malapalla,19.42,0.685507142,0.221702859,1.258659367,0.349084114
